question_id,question,correct_answer,required_fact_1,source_chunk_1,required_fact_2,source_chunk_2,requires_multiple_notes,notes
0563,"A 47-year-old woman seeks evaluation at your office because she has had postcoital vaginal bleeding for the past 8 months with occasional intermenstrual watery, blood-tinged vaginal discharge. Her family history is negative for malignancies and inherited disorders. She is the result of a pregnancy complicated by numerous miscarriages in the 1960s, for which her mother received diethylstilbestrol. During a pelvic examination, you notice a polypoid mass on the anterior wall of the vagina. The bimanual examination is negative for adnexal masses. You suspect the presence of carcinoma and, therefore, send tissue samples to pathology, which confirmed the presence of malignant cells. Which of the following is the most likely malignant tumor in this patient?",A - Clear cell adenocarcinoma,DES exposure in utero is causally linked to vaginal clear cell adenocarcinoma,Gynecology_Novak_7087,Clear cell adenocarcinoma in DES-exposed women typically presents in the anterior/upper third of the vagina,Gynecology_Novak_7088,DES history alone does not distinguish clear cell adenocarcinoma from other DES-related findings (e.g. plain adenosis); the anatomic location of the mass (anterior wall) is what narrows the diagnosis to CCA specifically.,
0501,"A 36-year-old man undergoes open reduction and internal fixation of a left femur fracture sustained after a motor vehicle collision. Three days after the surgery, he develops fever and redness around the surgical site. His temperature is 39.5°C (103.1°F). Physical examination shows purulent discharge from the wound with erythema of the surrounding skin. Wound culture of the purulent discharge shows gram-positive cocci in clusters. Treatment with oral dicloxacillin is initiated. Four days later, the patient continues to have high-grade fever, pain, and purulent discharge. Which of the following characteristics of the infecting organism best explains the failure to improve with antibiotic therapy?",D - Adaptation in binding proteins,Altered penicillin-binding proteins (PBPs) with low affinity for beta-lactams are the basis of methicillin resistance in staphylococci,Pharmacology_Katzung_4952,"Isoxazolyl penicillins like dicloxacillin are already designed to resist staphylococcal beta-lactamase, so treatment failure cannot be explained by beta-lactamase production",Pharmacology_Katzung_4964,"Fact 1 alone identifies PBP alteration as A resistance mechanism, but Fact 2 is needed to rule out the competing distractor (beta-lactamase cleavage, option B) given this patient is already on a beta-lactamase-resistant drug.",
0457,"A 59-year-old man is brought to the emergency department with a history of black, tarry stools but denies vomiting of blood or abdominal pain. His family has noticed progressive confusion. History is significant for liver cirrhosis and alcoholism. His heart rate is 112/min, temperature is 37.1°C (98.7°F), and blood pressure is 110/70 mm Hg. On examination, he is jaundiced, lethargic, is oriented to person and place but not date, and has moderate ascites. Neurological examination reveals asterixis, and his stool is guaiac-positive. Liver function test are shown below:
Total albumin 2 g/dL
Prothrombin time 9 seconds
Total bilirubin 5 mg/dL
Alanine aminotransferase (ALT) 100 U/L
Aspartate aminotransferase (AST) 220 U/L
Which of the following is a feature of this patient condition?",B - It is a diagnosis of exclusion,"The diagnosis of hepatic encephalopathy is clinical, requiring an experienced clinician to recognize and synthesize multiple features, rather than being confirmed by a single test",InternalMed_Harrison_24061,"Ammonia levels are often elevated in hepatic encephalopathy but correlate poorly with disease severity, so most hepatologists do not rely on ammonia levels to make the diagnosis",InternalMed_Harrison_24056,"Fact 1 supports the correct answer (diagnosis of exclusion) directly, but Fact 2 is needed to specifically rule out the most tempting distractor (option A, ammonia as the best initial confirmatory test).",
0285,"A 30-year-old man presents to his primary care physician with complaints of excessive fatigue and weakness for the last several weeks. He also complains of abdominal pain and constipation for the same duration. On further questioning, he reports that he has lost 8 pounds in the last 2 weeks. Past medical history and family history are insignificant. His temperature is 37.3° C (99.2° F), respirations are 21/min, pulse is 63/min, and blood pressure is 99/70 mm Hg. On physical examination, he is a tired-appearing, thin male. He has a bronze discoloration to his skin, but he denies being outside in the sun or any history of laying in tanning beds. What is the next best step in the management of this patient?",C - Start him on both hydrocortisone and fludrocortisone therapy,"Hyperpigmentation without sun exposure is a distinguishing feature of primary adrenal insufficiency, caused by excess ACTH stimulation of melanocytes; secondary adrenal insufficiency instead presents with pale skin",InternalMed_Harrison_27034,"Primary adrenal insufficiency involves loss of both glucocorticoid and mineralocorticoid secretion, whereas secondary adrenal insufficiency involves glucocorticoid deficiency only",InternalMed_Harrison_27032,Fact 1 establishes this is primary (not secondary) adrenal insufficiency via the hyperpigmentation clue; Fact 2 is needed to justify why BOTH hydrocortisone and fludrocortisone are required (option C) rather than glucocorticoid alone.,
1116,"A 46-year-old woman comes to the physician because of severe muscle and joint pain for 5 months. The pain varies in location and intensity. She also has joint stiffness in the morning and reports fatigue throughout the day that she attributes to not sleeping well. She reports a tingling sensation in her lower limbs. Her bowel habits are unchanged but she often feels bloated. She has primary hypertension and occasional migraine headaches. She does not smoke or consume alcohol. Her medications include propranolol and sumatriptan. She appears healthy. Examination shows symmetric muscular tenderness at the base of the neck, over the shoulders, and in the lumbosacral area. Strength and deep tendon reflexes are normal. Laboratory studies show:
Hemoglobin 14.3 g/dL
Leukocyte count 9300/mm3
Platelet count 230,000/mm3
Mean corpuscular volume 85 μm3
Erythrocyte sedimentation rate 12 mm/h
Serum
Glucose 92 mg/dL
Creatinine 0.6 mg/dL
TSH 3.1 μU/mL
Urinalysis is within normal limits. Which of the following is the most appropriate therapy for this patient?""",C - Amitriptyline,"Fibromyalgia is characterized by widespread muscle pain/tenderness with normal ESR, CK, and muscle biopsy, distinguishing it from inflammatory conditions like polymyalgia rheumatica (which has elevated ESR)",InternalMed_Harrison_31361,"When fibromyalgia symptoms are dominated by pain and sleep disturbance, a sedating antidepressant such as amitriptyline is preferred because it treats both symptom domains at once; opioids should be avoided",InternalMed_Harrison_26179,"Fact 1 establishes the diagnosis is fibromyalgia (normal labs rule out inflammatory rheumatologic disease); Fact 2 is needed to justify amitriptyline specifically as the treatment, given this patient's combined pain + sleep disturbance presentation.",
0178,"A 40-year-old businessman who was previously well is brought into the emergency department by his assistant with a complaint of left-sided weakness after a chiropractic neck manipulation. He has never felt like this before. Past medical history is insignificant. His blood pressure is 125/75 mm Hg, pulse 86/min, respiratory rate 13/min, temperature 36.8°C (98.2°F). A T2-weighted MRI shows a left C5 hemicord lesion. The patient is treated with cervical immobilization, a course of steroids, and physical therapy. What other finding will most likely be seen in this patient?",D - Right-sided analgesia,"In Brown-Sequard syndrome (spinal cord hemisection), pain and thermal sensation loss occurs contralateral to the lesion, while motor paralysis and proprioceptive loss occur ipsilateral to the lesion",Neurology_Adams_1236,"Spinothalamic tract axons decussate within 1-3 segments rostral to their point of entry, which is the anatomical basis for why pain/temperature loss is specifically contralateral (unlike the corticospinal tract, which is already crossed)",Neurology_Adams_994,"Fact 1 names the correct clinical pattern (contralateral analgesia), but Fact 2 is needed to understand WHY it's contralateral specifically, which is what distinguishes the correct answer from the trap answer (option C, contralateral corticospinal involvement, which is anatomically backwards).",
1209,"A 29-year-old man is brought to the emergency department by a concerned neighbor. The patient appears disheveled, has a flat affect, and appears to be having auditory hallucinations. He is alert and oriented to time, person, and place and has an intact long-term and short-term memory. His neighbor says that he never really knew the patient that well and that he mostly kept to himself. They have been neighbors for the past 3 years at an apartment close to the hospital. What worried the neighbor was a sudden change in the patient's behavior which started last week. He suddenly seemed interested in attending all the local council meetings and social gatherings. He is very talkative at these events and boasts highly of himself and starts suggesting changes that the committee could make with his help. He gets very agitated when they deny accepting his suggestions. Which of the following is a predictor of good prognosis for this patient's condition?",A - Affective symptoms,Presence of affective/mood symptoms predicts better prognosis: schizoaffective disorder's prognosis is better than schizophrenia's but worse than a pure mood disorder's,Psichiatry_DSM-5_568,"Negative symptoms are the most persistent and predict a WORSE prognosis, not a favorable one, ruling out 'negative symptoms' as the good-prognosis answer",Psichiatry_DSM-5_541,yes,
0065,"A 56-year-old man presents to the clinic complaining of subacute back pain for the past month. The pain is described as a dull, constant ache that is worse at night. He could not recall any precipitating event except for an amateur weight-lifting competition that he participated in 2 months ago. Past medical history is significant for non-small cell lung cancer that was diagnosed and successfully treated. A PET scan 1 year ago demonstrated no recurrence. Physical exam was unremarkable except for some point tenderness along the lumbosacral area. What is the most likely imaging finding in this patient?",B - Lytic lesions of the lumbar spine,"Skeletal metastases typically involve the axial skeleton, especially the vertebral column, and appear radiographically as purely lytic, purely blastic, or mixed lesions",Pathology_Robbins_4828,"Carcinomas frequently metastasize to the vertebral column via the paravertebral venous plexus, a well-documented route explaining why a carcinoma patient's new spinal pain should raise concern for vertebral metastasis rather than being attributed to a mechanical injury",Pathology_Robbins_1165,yes,
0447,"A 52-year-old man is brought to the emergency department for recurrent vomiting that began 5 hours ago. He describes the vomitus as bloody and containing black specks. He drinks 10–12 beers daily and has not seen a physician in 15 years. He appears pale. His temperature is 36.7°C (98.1°F), pulse is 122/min, and blood pressure is 85/59 mm Hg. Physical examination shows decreased radial pulses, delayed capillary refill, multiple spider angiomata, and a distended abdomen. He is oriented to person but not to place or time. Which of the following is most likely decreased in this patient in response to his current condition compared to a healthy adult?",C - Carotid baroreceptor firing activity,Carotid sinus baroreceptor firing frequency is diminished by a reduction in arterial blood pressure — directly supporting decreased baroreceptor firing in this hypotensive patient,Physiology_Levy_2234,"Hemorrhage triggers sympathetic vasoconstriction that increases (not decreases) total peripheral/systemic vascular resistance, ruling out option A",Physiology_Levy_3260,yes,